[Header],
FileFormatVersion,2
RunName,20260616_B21184-18S-PE-MPdbl-151-10-5M
InstrumentPlatform,MiSeqi100Series
IndexOrientation,Forward
AnalysisLocation,Local

[Reads]
Read1Cycles,151
Read2Cycles,151
Index1Cycles,10
Index2Cycles,10

[Sequencing_Settings]
LibraryPrepKits,NexteraXT

[BCLConvert_Settings]
SoftwareVersion,4.4.6
AdapterRead1,CTGTCTCTTATACACATCT
AdapterRead2,CTGTCTCTTATACACATCT
OverrideCycles,R1:Y151;I1:I10;I2:I10;R2:Y151
FastqCompressionFormat,dragen
NoLaneSplitting,true
GenerateFastqcMetrics,true

[BCLConvert_Data]
Sample_ID,Index,Index2
1,AGGTCAGATA,CTACAAGATA
2,CGACATCCGA,TACGTTCATT
3,ATTCCATAAG,TGCCTGGTGG
4,CACAATAGGA,TCCATCCGAG
5,AACATCGCGC,GTCCACTTGT


[Cloud_Settings]
GeneratedVersion,1.25.0.202605080250

[Cloud_Data]
Sample_ID,ProjectName,LibraryName,LibraryPrepKitName,IndexAdapterKitName
1,BXXXX,1_AGGTCAGATA_CTACAAGATA,NexteraXT,IlluminaDNARNAUDISetABCDTagmentation
2,BXXXX,2_CGACATCCGA_TACGTTCATT,NexteraXT,IlluminaDNARNAUDISetABCDTagmentation
3,BXXXX,3_ATTCCATAAG_TGCCTGGTGG,NexteraXT,IlluminaDNARNAUDISetABCDTagmentation
4,BXXXX,4_CACAATAGGA_TCCATCCGAG,NexteraXT,IlluminaDNARNAUDISetABCDTagmentation
5,BXXXX,5_AACATCGCGC_GTCCACTTGT,NexteraXT,IlluminaDNARNAUDISetABCDTagmentation
